{
  "id": "d1f0a284-ecdb-416d-952c-fb741e82df6f",
  "name": "Event",
  "isOverridable": true,
  "entries": [
    {
      "value": "come",
      "synonyms": [
        "come",
        "attend",
        "get to"
      ]
    },
    {
      "value": "invite",
      "synonyms": [
        "invite"
      ]
    },
    {
      "value": "meet",
      "synonyms": [
        "meet",
        "see you"
      ]
    },
    {
      "value": "join",
      "synonyms": [
        "join",
        "arrive"
      ]
    }
  ],
  "isEnum": false,
  "automatedExpansion": true
}