{
  "id": "ccd55b04-3f1d-4c2f-a750-074a33f6fe46",
  "name": "Info",
  "isOverridable": true,
  "entries": [
    {
      "value": "email",
      "synonyms": [
        "email",
        "mail",
        "email address"
      ]
    },
    {
      "value": "website",
      "synonyms": [
        "website",
        "web"
      ]
    },
    {
      "value": "telephone",
      "synonyms": [
        "telephone",
        "phone",
        "phone number",
        "number"
      ]
    },
    {
      "value": "name",
      "synonyms": [
        "name",
        "first name",
        "last name"
      ]
    }
  ],
  "isEnum": false,
  "automatedExpansion": true
}