{
  "id": "e17186f0-6eb7-453b-8fa4-b0e29b53c551",
  "name": "Promise",
  "isOverridable": true,
  "entries": [
    {
      "value": "don\u0027t forget",
      "synonyms": [
        "don\u0027t forget"
      ]
    },
    {
      "value": "i will",
      "synonyms": [
        "i will",
        "I must"
      ]
    },
    {
      "value": "you should",
      "synonyms": [
        "you should"
      ]
    },
    {
      "value": "could you",
      "synonyms": [
        "could you"
      ]
    },
    {
      "value": "have to",
      "synonyms": [
        "have to"
      ]
    },
    {
      "value": "I should",
      "synonyms": [
        "I should"
      ]
    },
    {
      "value": "I have to",
      "synonyms": [
        "I have to"
      ]
    }
  ],
  "isEnum": false,
  "automatedExpansion": true
}