{
  "id": "0c768bda-708f-4cde-a52e-935021087af9",
  "name": "Subject",
  "isOverridable": true,
  "entries": [
    {
      "value": "homework",
      "synonyms": [
        "homework"
      ]
    },
    {
      "value": "job",
      "synonyms": [
        "job"
      ]
    },
    {
      "value": "grocery",
      "synonyms": [
        "grocery"
      ]
    },
    {
      "value": "@sys.given-name",
      "synonyms": [
        "@sys.given-name"
      ]
    },
    {
      "value": "@sys.last-name",
      "synonyms": [
        "@sys.last-name"
      ]
    }
  ],
  "isEnum": true,
  "automatedExpansion": true
}