{
  "id": "e70ca10d-ef19-4631-948b-e7df92f3bcd8",
  "name": "TimeDate",
  "isOverridable": true,
  "entries": [
    {
      "value": "@sys.date-time",
      "synonyms": [
        "@sys.date-time"
      ]
    },
    {
      "value": "morning",
      "synonyms": [
        "morning"
      ]
    },
    {
      "value": "lunch",
      "synonyms": [
        "lunch"
      ]
    },
    {
      "value": "evening",
      "synonyms": [
        "evening"
      ]
    },
    {
      "value": "night",
      "synonyms": [
        "night"
      ]
    },
    {
      "value": "now",
      "synonyms": [
        "now"
      ]
    },
    {
      "value": "afternoon",
      "synonyms": [
        "afternoon"
      ]
    },
    {
      "value": "today",
      "synonyms": [
        "today"
      ]
    },
    {
      "value": "week",
      "synonyms": [
        "week"
      ]
    },
    {
      "value": "next week",
      "synonyms": [
        "next week"
      ]
    }
  ],
  "isEnum": true,
  "automatedExpansion": true
}